{
  "epoch": 25,
  "settledAt": "2026-06-12T16:50:27.783Z",
  "epochHours": 1.5128641666666667,
  "market": {
    "timestamp": 1781282539096,
    "fxUsdPrice": {
      "EURm": 1.1543868,
      "BRLm": 0.19633326788
    },
    "fxRoundTripCostBps": {
      "EURm": 49.93750000000019,
      "BRLm": 59.909999999999684
    },
    "fxMomentumBps": {
      "EURm": -0.9504142942324706,
      "BRLm": 20.661720554859563
    },
    "stableRoundTripCostBps": {
      "USDC": 4.007887708026292,
      "USDT": 4.004890896809332
    },
    "stableEntryEdgeBps": {
      "USDC": 1.2100000000003774,
      "USDT": 4.090000000001037
    },
    "stableExitEdgeBps": {
      "USDC": -5.217256420000371,
      "USDT": -8.091581440001772
    },
    "aaveApyPct": {
      "USDC": 2.594893447363642,
      "USDT": 0.7805748033087843,
      "USDm": 2.4725849739700827
    }
  },
  "agents": [
    {
      "slug": "ay-balanced",
      "erc8004AgentId": "9245",
      "strategy": "AaveYielder",
      "generation": 1,
      "vStartUsd": 4.99238845621346,
      "vEndUsd": 4.99240845621346,
      "gasUsd": 0,
      "netFlowUsd": 0,
      "epochHours": 1.5128641666666667,
      "fitness": 0.02319667806200157,
      "score": 50,
      "culled": false,
      "reputationTx": "0xcf1e306252c2b2d91d93df53ea7c373d28d5a92e22fe313789895bf916136ff2"
    },
    {
      "slug": "mfx-cautious-g2-i10",
      "erc8004AgentId": "9256",
      "strategy": "MentoFXRotator",
      "generation": 2,
      "vStartUsd": 4.99999961934825,
      "vEndUsd": 4.99999961934825,
      "gasUsd": 0,
      "netFlowUsd": 0,
      "epochHours": 1.5128641666666667,
      "fitness": 0,
      "score": 38,
      "culled": true,
      "reputationTx": "0x4e2b194c37b9421110508558c61b75ae3a35395c28dcf4e1120d0b8da00a989f"
    },
    {
      "slug": "mfx-cautious-g2-i11",
      "erc8004AgentId": "9257",
      "strategy": "MentoFXRotator",
      "generation": 2,
      "vStartUsd": 4.99999975955925,
      "vEndUsd": 4.99999975955925,
      "gasUsd": 0,
      "netFlowUsd": 0,
      "epochHours": 1.5128641666666667,
      "fitness": 0,
      "score": 38,
      "culled": false,
      "reputationTx": "0xe779e243ccd5a76fa179279c33f8856520301067c0e8009ca0637621855e8930"
    },
    {
      "slug": "ay-balanced-g2-i13",
      "erc8004AgentId": "9260",
      "strategy": "AaveYielder",
      "generation": 2,
      "vStartUsd": 4.9876154886253925,
      "vEndUsd": 4.987635488625393,
      "gasUsd": 0,
      "netFlowUsd": 0,
      "epochHours": 1.5128641666666667,
      "fitness": 0.023218876443780824,
      "score": 50,
      "culled": false,
      "reputationTx": "0x7bd81bcaa9b4d5702b07d5cda5f5cd00aa811991c7aee18cd9fe6e62af3c3140"
    },
    {
      "slug": "mfx-cautious-g2-i14",
      "erc8004AgentId": "9262",
      "strategy": "MentoFXRotator",
      "generation": 2,
      "vStartUsd": 4.996942346882545,
      "vEndUsd": 4.996942346882545,
      "gasUsd": 0,
      "netFlowUsd": 0,
      "epochHours": 1.5128641666666667,
      "fitness": 0,
      "score": 38,
      "culled": false,
      "reputationTx": "0xea3622bd10a08b36f7b8c90b1178e2055efb7e0f8a71de93c6bf113ffc36230b"
    },
    {
      "slug": "ay-balanced-g3-i30",
      "erc8004AgentId": "9280",
      "strategy": "AaveYielder",
      "generation": 3,
      "vStartUsd": 3.9912867348265837,
      "vEndUsd": 3.9913027348265837,
      "gasUsd": 0,
      "netFlowUsd": 0,
      "epochHours": 1.5128641666666667,
      "fitness": 0.02321192847711061,
      "score": 50,
      "culled": false,
      "reputationTx": "0x6d50604a6eac53f5afba1e2daf986f78ec9355f4700f5fbf65e70d8a6437200e"
    },
    {
      "slug": "ay-balanced-g4-i31",
      "erc8004AgentId": "9283",
      "strategy": "AaveYielder",
      "generation": 4,
      "vStartUsd": 3.98759738843351,
      "vEndUsd": 3.98761338843351,
      "gasUsd": 0,
      "netFlowUsd": 0,
      "epochHours": 1.5128641666666667,
      "fitness": 0.02323340427729902,
      "score": 50,
      "culled": false,
      "reputationTx": "0x5c6180aceeb02c68846d52513539295af6f24db24e44e9adf68f293fbaec4a88"
    },
    {
      "slug": "ay-balanced-g4-i46",
      "erc8004AgentId": "9298",
      "strategy": "AaveYielder",
      "generation": 4,
      "vStartUsd": 3.9874360498017873,
      "vEndUsd": 3.987452049801788,
      "gasUsd": 0,
      "netFlowUsd": 0,
      "epochHours": 1.5128641666666667,
      "fitness": 0.023234344342567,
      "score": 50,
      "culled": false,
      "reputationTx": "0xcc293dd3cc5d6ffcb9afd16d32742a69fc5adb9a7092583ac5666d9acd692c6b"
    }
  ],
  "swarmMedianFitness": 0.02320430326955609,
  "culled": [
    "mfx-cautious-g2-i10"
  ],
  "spawned": [
    "ay-balanced-g4-i47",
    "ay-balanced-g4-i48",
    "ay-balanced-g4-i49",
    "ay-balanced-g4-i50"
  ]
}
