{
  "epoch": 8,
  "settledAt": "2026-06-11T13:25:45.416Z",
  "epochHours": 1.5014208333333334,
  "market": {
    "timestamp": 1781183863164,
    "fxUsdPrice": {
      "EURm": 1.1498930625,
      "BRLm": 0.192485805
    },
    "fxRoundTripCostBps": {
      "EURm": 49.93750000000019,
      "BRLm": 59.909999999999684
    },
    "fxMomentumBps": {
      "EURm": -8.580603502448174,
      "BRLm": 11.408125696803772
    },
    "stableRoundTripCostBps": {
      "USDC": 3.9997559687998674,
      "USDT": 4.004442947216358
    },
    "stableEntryEdgeBps": {
      "USDC": 0.5999999999994898,
      "USDT": 8.719999999999839
    },
    "stableExitEdgeBps": {
      "USDC": -4.599479999999323,
      "USDT": -12.713356899999306
    },
    "aaveApyPct": {
      "USDC": 2.5948326925047094,
      "USDT": 0.7952691424759023,
      "USDm": 2.4724466216706342
    }
  },
  "agents": [
    {
      "slug": "mfx-cautious",
      "erc8004AgentId": "9241",
      "strategy": "MentoFXRotator",
      "generation": 1,
      "vStartUsd": 4.999999789098257,
      "vEndUsd": 4.999999789098257,
      "gasUsd": 0,
      "netFlowUsd": 0,
      "epochHours": 1.5014208333333334,
      "fitness": 0,
      "score": 50,
      "culled": false,
      "reputationTx": "0x0cb2ee2215df2f6411feeb48b9afa45c5c2e8c66889536588edc12b291df9130"
    },
    {
      "slug": "mfx-balanced",
      "erc8004AgentId": "9242",
      "strategy": "MentoFXRotator",
      "generation": 1,
      "vStartUsd": 4.999999789098257,
      "vEndUsd": 4.999999789098257,
      "gasUsd": 0,
      "netFlowUsd": 0,
      "epochHours": 1.5014208333333334,
      "fitness": 0,
      "score": 50,
      "culled": false,
      "reputationTx": "0x2cf8cf3bfad48dfc383ffc63cb3014783d2eb8a2fadc6a84c877a4cfaf622bab"
    },
    {
      "slug": "ay-balanced",
      "erc8004AgentId": "9245",
      "strategy": "AaveYielder",
      "generation": 1,
      "vStartUsd": 4.9920234562134596,
      "vEndUsd": 4.99204345621346,
      "gasUsd": 0,
      "netFlowUsd": 0,
      "epochHours": 1.5014208333333334,
      "fitness": 0.023375184464485093,
      "score": 62,
      "culled": false,
      "reputationTx": "0x2bda991a6c85ae43f27268a562283f760adac5dea54c0773692fe5fc1f39f690"
    },
    {
      "slug": "ay-chaser",
      "erc8004AgentId": "9246",
      "strategy": "AaveYielder",
      "generation": 1,
      "vStartUsd": 5.190018003074001,
      "vEndUsd": 5.190040003074,
      "gasUsd": 0,
      "netFlowUsd": 0,
      "epochHours": 1.5014208333333334,
      "fitness": 0.024731786282587685,
      "score": 62,
      "culled": false,
      "reputationTx": "0x252a1027e4d99e666772f7ddf777fa8e2af2aa34c8be734898a5731f0006a86d"
    },
    {
      "slug": "mfx-cautious-g2-i10",
      "erc8004AgentId": "9256",
      "strategy": "MentoFXRotator",
      "generation": 2,
      "vStartUsd": 4.99999961934825,
      "vEndUsd": 4.99999961934825,
      "gasUsd": 0,
      "netFlowUsd": 0,
      "epochHours": 1.5014208333333334,
      "fitness": 0,
      "score": 50,
      "culled": false,
      "reputationTx": "0xd7d3d070f9cc43dd9e8ede7ed4a5fdc494301a72fa2c0388a0bd8308410c5896"
    },
    {
      "slug": "mfx-cautious-g2-i11",
      "erc8004AgentId": "9257",
      "strategy": "MentoFXRotator",
      "generation": 2,
      "vStartUsd": 4.99999975955925,
      "vEndUsd": 4.99999975955925,
      "gasUsd": 0,
      "netFlowUsd": 0,
      "epochHours": 1.5014208333333334,
      "fitness": 0,
      "score": 50,
      "culled": false,
      "reputationTx": "0x559d63b62148d0a446bd5c223a840f1cfe7198ac242ce2a28cd51e5085076f3c"
    },
    {
      "slug": "ay-balanced-g2-i13",
      "erc8004AgentId": "9260",
      "strategy": "AaveYielder",
      "generation": 2,
      "vStartUsd": 4.987254488625393,
      "vEndUsd": 4.987274488625392,
      "gasUsd": 0,
      "netFlowUsd": 0,
      "epochHours": 1.5014208333333334,
      "fitness": 0.02339753654065342,
      "score": 62,
      "culled": false,
      "reputationTx": "0xcec8faaea43f0df92afe5ad0570638d9dcf2c4339bff80ec8e1c9c1426a0f0b2"
    },
    {
      "slug": "mfx-cautious-g2-i14",
      "erc8004AgentId": "9262",
      "strategy": "MentoFXRotator",
      "generation": 2,
      "vStartUsd": 4.996942346882545,
      "vEndUsd": 4.996942346882545,
      "gasUsd": 0,
      "netFlowUsd": 0,
      "epochHours": 1.5014208333333334,
      "fitness": 0,
      "score": 50,
      "culled": false,
      "reputationTx": "0x148f6872bf3324c225074c7708d9b899e446c5aabde2332c2ef74b1f3cd7dbf2"
    },
    {
      "slug": "ay-balanced-g3-i17",
      "erc8004AgentId": "9266",
      "strategy": "AaveYielder",
      "generation": 3,
      "vStartUsd": 3.996917259948194,
      "vEndUsd": 3.987161482952067,
      "gasUsd": 0.0054814068414,
      "netFlowUsd": 0,
      "epochHours": 1.5014208333333334,
      "fitness": -22.242378032601344,
      "score": 0,
      "culled": true,
      "reputationTx": "0x7e6d3aa5a08d92eba393b9c333620dff1ecd082e9366b68c9adff532ab20cb7c"
    },
    {
      "slug": "ay-chaser-g2-i18",
      "erc8004AgentId": "9267",
      "strategy": "AaveYielder",
      "generation": 2,
      "vStartUsd": 2.83707955498018,
      "vEndUsd": 2.8275778774518,
      "gasUsd": 0.0031580035785,
      "netFlowUsd": 0,
      "epochHours": 1.5014208333333334,
      "fitness": -26.034720550438813,
      "score": 0,
      "culled": true,
      "reputationTx": "0x468ab316a27b4227a75c75d282da046fd24712ca00da355369e66c9906adeb92"
    }
  ],
  "swarmMedianFitness": 0,
  "culled": [
    "ay-chaser-g2-i18",
    "ay-balanced-g3-i17"
  ],
  "spawned": [
    "ay-chaser-g2-i20"
  ]
}
