{
  "epoch": 26,
  "settledAt": "2026-06-12T18:28:19.613Z",
  "epochHours": 1.5236180555555556,
  "market": {
    "timestamp": 1781288642353,
    "fxUsdPrice": {
      "EURm": 1.154576325,
      "BRLm": 0.19641836183
    },
    "fxRoundTripCostBps": {
      "EURm": 49.93750000000019,
      "BRLm": 59.909999999999684
    },
    "fxMomentumBps": {
      "EURm": 1.166472974549712,
      "BRLm": 8.656313027397903
    },
    "stableRoundTripCostBps": {
      "USDC": 4.004936287529404,
      "USDT": 4.002100499800321
    },
    "stableEntryEdgeBps": {
      "USDC": 1.0899999999991472,
      "USDT": 4.100000000000215
    },
    "stableExitEdgeBps": {
      "USDC": -5.0943809999992595,
      "USDT": -8.098780000000971
    },
    "aaveApyPct": {
      "USDC": 2.5945770666591645,
      "USDT": 0.7649541671487183,
      "USDm": 2.4725849739700827
    }
  },
  "agents": [
    {
      "slug": "ay-balanced",
      "erc8004AgentId": "9245",
      "strategy": "AaveYielder",
      "generation": 1,
      "vStartUsd": 4.99241045621346,
      "vEndUsd": 4.99243145621346,
      "gasUsd": 0,
      "netFlowUsd": 0,
      "epochHours": 1.5236180555555556,
      "fitness": 0.024184494048973788,
      "score": 62,
      "culled": false,
      "reputationTx": "0x3863554d44b1fe4f7937049716e8d9318e1177f67b0ba41500a24a44d8d87277"
    },
    {
      "slug": "mfx-cautious-g2-i11",
      "erc8004AgentId": "9257",
      "strategy": "MentoFXRotator",
      "generation": 2,
      "vStartUsd": 4.99999975955925,
      "vEndUsd": 4.99999975955925,
      "gasUsd": 0,
      "netFlowUsd": 0,
      "epochHours": 1.5236180555555556,
      "fitness": 0,
      "score": 50,
      "culled": false,
      "reputationTx": "0xda57616c42f04472bdad88f365ee8a82db80547fd17fab9c499255657e2a9f69"
    },
    {
      "slug": "ay-balanced-g2-i13",
      "erc8004AgentId": "9260",
      "strategy": "AaveYielder",
      "generation": 2,
      "vStartUsd": 4.987637488625392,
      "vEndUsd": 4.987658488625392,
      "gasUsd": 0,
      "netFlowUsd": 0,
      "epochHours": 1.5236180555555556,
      "fitness": 0.02420763763321947,
      "score": 62,
      "culled": false,
      "reputationTx": "0xe71c887324307548f4f304e3b5dc6cd213d24d8e2cc2c3f38d8011b098a668a7"
    },
    {
      "slug": "mfx-cautious-g2-i14",
      "erc8004AgentId": "9262",
      "strategy": "MentoFXRotator",
      "generation": 2,
      "vStartUsd": 4.996942346882545,
      "vEndUsd": 4.996942346882545,
      "gasUsd": 0,
      "netFlowUsd": 0,
      "epochHours": 1.5236180555555556,
      "fitness": 0,
      "score": 50,
      "culled": false,
      "reputationTx": "0xc4c41a7d1b3adf950538d9f54b36c8d73c8a9394e71c1a4ce47f48e1ad2ae05a"
    },
    {
      "slug": "ay-balanced-g3-i30",
      "erc8004AgentId": "9280",
      "strategy": "AaveYielder",
      "generation": 3,
      "vStartUsd": 3.9913047348265835,
      "vEndUsd": 3.992612849076145,
      "gasUsd": 0,
      "netFlowUsd": 0,
      "epochHours": 1.5236180555555556,
      "fitness": 1.8843379068143005,
      "score": 100,
      "culled": false,
      "reputationTx": "0xf89b86873ecaff4a4632435f1275391568d9f269b4f5d41b8a51f9c07471689c"
    },
    {
      "slug": "ay-balanced-g4-i31",
      "erc8004AgentId": "9283",
      "strategy": "AaveYielder",
      "generation": 4,
      "vStartUsd": 3.9876143884335096,
      "vEndUsd": 3.9876303884335096,
      "gasUsd": 0,
      "netFlowUsd": 0,
      "epochHours": 1.5236180555555556,
      "fitness": 0.02306932162243794,
      "score": 62,
      "culled": false,
      "reputationTx": "0x929a5b9d4aa15a333a1b34bc73385d3084b017855c1404e96ba7cc4325a2de5c"
    },
    {
      "slug": "ay-balanced-g4-i46",
      "erc8004AgentId": "9298",
      "strategy": "AaveYielder",
      "generation": 4,
      "vStartUsd": 3.987454049801788,
      "vEndUsd": 3.9874700498017877,
      "gasUsd": 0,
      "netFlowUsd": 0,
      "epochHours": 1.5236180555555556,
      "fitness": 0.023070249257940455,
      "score": 62,
      "culled": false,
      "reputationTx": "0xea4bf7bb3a516424c7707054416ed7818f3b40f200d6fa9a784c565e3e5e65cb"
    },
    {
      "slug": "ay-balanced-g4-i47",
      "erc8004AgentId": "9301",
      "strategy": "AaveYielder",
      "generation": 4,
      "vStartUsd": 4.196905702625299,
      "vEndUsd": 4.183342079451232,
      "gasUsd": 0.0084684072414852,
      "netFlowUsd": 0,
      "epochHours": 1.5236180555555556,
      "fitness": -30.18236776447075,
      "score": 0,
      "culled": true,
      "reputationTx": "0x1ad1756048a6e084120d3e7c246569bc939f9c494e66f92a442b3e0f4a74d9dd"
    },
    {
      "slug": "ay-balanced-g4-i48",
      "erc8004AgentId": "9302",
      "strategy": "AaveYielder",
      "generation": 4,
      "vStartUsd": 3.996902666917392,
      "vEndUsd": 3.9871271145894243,
      "gasUsd": 0.0086823330152931,
      "netFlowUsd": 0,
      "epochHours": 1.5236180555555556,
      "fitness": -26.551335293669773,
      "score": 0,
      "culled": false,
      "reputationTx": "0x1bce53186b1b4b67ea5aad7dc7dcd24b322a483f2a12a256d236cf621ac9cf8e"
    },
    {
      "slug": "ay-balanced-g4-i49",
      "erc8004AgentId": "9303",
      "strategy": "AaveYielder",
      "generation": 4,
      "vStartUsd": 3.996902666917392,
      "vEndUsd": 3.9903071763120326,
      "gasUsd": 0.005524448224789501,
      "netFlowUsd": 0,
      "epochHours": 1.5236180555555556,
      "fitness": -17.434313499815453,
      "score": 0,
      "culled": false,
      "reputationTx": "0x808ced5cc611b11ee837d29ae6617ff19de28b66cebabb379b103ea0857a974b"
    },
    {
      "slug": "ay-balanced-g4-i50",
      "erc8004AgentId": "9304",
      "strategy": "AaveYielder",
      "generation": 4,
      "vStartUsd": 4.346902666917392,
      "vEndUsd": 4.333348668097857,
      "gasUsd": 0.0084835584438543,
      "netFlowUsd": 0,
      "epochHours": 1.5236180555555556,
      "fitness": -29.14818608959924,
      "score": 0,
      "culled": true,
      "reputationTx": "0x69f42529566ebe1f0eee6924d89b008e9369adf94a2b6c2414eca465ede17781"
    }
  ],
  "swarmMedianFitness": 0,
  "culled": [
    "ay-balanced-g4-i47",
    "ay-balanced-g4-i50"
  ],
  "spawned": [
    "ay-balanced-g5-i51",
    "ay-balanced-g5-i52"
  ]
}
