{
  "epoch": 20,
  "settledAt": "2026-06-12T08:41:56.624Z",
  "epochHours": 1.5257433333333332,
  "market": {
    "timestamp": 1781253447522,
    "fxUsdPrice": {
      "EURm": 1.15488305625,
      "BRLm": 0.195543604
    },
    "fxRoundTripCostBps": {
      "EURm": 49.93750000000019,
      "BRLm": 59.909999999999684
    },
    "fxMomentumBps": {
      "EURm": 6.633477670893388,
      "BRLm": 2.928477521156288
    },
    "stableRoundTripCostBps": {
      "USDC": 4.006187870562172,
      "USDT": 4.003383700708074
    },
    "stableEntryEdgeBps": {
      "USDC": 1.9799999999992046,
      "USDT": 11.039999999999939
    },
    "stableExitEdgeBps": {
      "USDC": -5.98500283999881,
      "USDT": -15.026794119999964
    },
    "aaveApyPct": {
      "USDC": 2.594869265257483,
      "USDT": 0.7742824835689897,
      "USDm": 2.472531205145206
    }
  },
  "agents": [
    {
      "slug": "mfx-balanced",
      "erc8004AgentId": "9242",
      "strategy": "MentoFXRotator",
      "generation": 1,
      "vStartUsd": 4.999999789098257,
      "vEndUsd": 4.999999789098257,
      "gasUsd": 0,
      "netFlowUsd": 0,
      "epochHours": 1.5257433333333332,
      "fitness": 0,
      "score": 44,
      "culled": true,
      "reputationTx": "0xed99e5c40f3727479c3ac6f738fa0c3628341e8c05b483a00bfaac787e76fa70"
    },
    {
      "slug": "ay-balanced",
      "erc8004AgentId": "9245",
      "strategy": "AaveYielder",
      "generation": 1,
      "vStartUsd": 4.99228045621346,
      "vEndUsd": 4.99230145621346,
      "gasUsd": 0,
      "netFlowUsd": 0,
      "epochHours": 1.5257433333333332,
      "fitness": 0.024151435252186566,
      "score": 56,
      "culled": false,
      "reputationTx": "0xa3aa5ef97b85620ec47b31fa769c8a043b5c8e2e955174aaef045817f9789979"
    },
    {
      "slug": "mfx-cautious-g2-i10",
      "erc8004AgentId": "9256",
      "strategy": "MentoFXRotator",
      "generation": 2,
      "vStartUsd": 4.99999961934825,
      "vEndUsd": 4.99999961934825,
      "gasUsd": 0,
      "netFlowUsd": 0,
      "epochHours": 1.5257433333333332,
      "fitness": 0,
      "score": 44,
      "culled": false,
      "reputationTx": "0x4f8d653c598e4c55df74d8487cc50801fbc84ca6e22add939d7517dec30deef9"
    },
    {
      "slug": "mfx-cautious-g2-i11",
      "erc8004AgentId": "9257",
      "strategy": "MentoFXRotator",
      "generation": 2,
      "vStartUsd": 4.99999975955925,
      "vEndUsd": 4.99999975955925,
      "gasUsd": 0,
      "netFlowUsd": 0,
      "epochHours": 1.5257433333333332,
      "fitness": 0,
      "score": 44,
      "culled": false,
      "reputationTx": "0x296e2b1a7e5c391eb3e0fd15b29857870afe78b5bdcaa0cbf3961a4e08cae774"
    },
    {
      "slug": "ay-balanced-g2-i13",
      "erc8004AgentId": "9260",
      "strategy": "AaveYielder",
      "generation": 2,
      "vStartUsd": 4.987508488625393,
      "vEndUsd": 4.987529488625392,
      "gasUsd": 0,
      "netFlowUsd": 0,
      "epochHours": 1.5257433333333332,
      "fitness": 0.024174542953845905,
      "score": 56,
      "culled": false,
      "reputationTx": "0x89e6828859adf9e6015035c3d757bc1f735c2273868885f9dc1728cdcbc148e6"
    },
    {
      "slug": "mfx-cautious-g2-i14",
      "erc8004AgentId": "9262",
      "strategy": "MentoFXRotator",
      "generation": 2,
      "vStartUsd": 4.996942346882545,
      "vEndUsd": 4.996942346882545,
      "gasUsd": 0,
      "netFlowUsd": 0,
      "epochHours": 1.5257433333333332,
      "fitness": 0,
      "score": 44,
      "culled": false,
      "reputationTx": "0x73306f0db51a932c9f4f3c86ed92d7c217c81feda4b4c0ee01801881e1113aa2"
    },
    {
      "slug": "ay-balanced-g3-i30",
      "erc8004AgentId": "9280",
      "strategy": "AaveYielder",
      "generation": 3,
      "vStartUsd": 0.2589819238324404,
      "vEndUsd": 0.2593263724932948,
      "gasUsd": 0,
      "netFlowUsd": 0,
      "epochHours": 1.5257433333333332,
      "fitness": 7.636206657611808,
      "score": 100,
      "culled": false,
      "reputationTx": "0x9494ec9aaecfccd11ba59ead91541826f7f22ccd3b9e4bbd9b7be76f2c0ff39b"
    },
    {
      "slug": "ay-balanced-g4-i31",
      "erc8004AgentId": "9283",
      "strategy": "AaveYielder",
      "generation": 4,
      "vStartUsd": 3.98751138843351,
      "vEndUsd": 3.98752738843351,
      "gasUsd": 0,
      "netFlowUsd": 0,
      "epochHours": 1.5257433333333332,
      "fitness": 0.0230377823732427,
      "score": 56,
      "culled": false,
      "reputationTx": "0x36d272a607449a817e50713fffca4e7e63552456968d55f7319ee867326c0a09"
    },
    {
      "slug": "ay-balanced-g4-i38",
      "erc8004AgentId": "9290",
      "strategy": "AaveYielder",
      "generation": 4,
      "vStartUsd": 3.9969435321770828,
      "vEndUsd": 3.987391038168003,
      "gasUsd": 0.00857321349216255,
      "netFlowUsd": 0,
      "epochHours": 1.5257433333333332,
      "fitness": -26.036918271890233,
      "score": 0,
      "culled": true,
      "reputationTx": "0x3fff09c81040978907e57ea99e99473e7fcbf0ec38be6ddb49ee5a650668e8de"
    },
    {
      "slug": "ay-balanced-g4-i39",
      "erc8004AgentId": "9291",
      "strategy": "AaveYielder",
      "generation": 4,
      "vStartUsd": 3.500515757127347,
      "vEndUsd": 3.6891335101304223,
      "gasUsd": 0.00836381962092105,
      "netFlowUsd": 0,
      "epochHours": 1.5257433333333332,
      "fitness": 295.648267675828,
      "score": 100,
      "culled": false,
      "reputationTx": "0x593654ef2ac52b9590439b8ca46a2061b3f9f5b88c49e0a0e072fa23a624532b"
    }
  ],
  "swarmMedianFitness": 0.01151889118662135,
  "culled": [
    "ay-balanced-g4-i38",
    "mfx-balanced"
  ],
  "spawned": [
    "ay-balanced-g4-i40",
    "ay-balanced-g4-i41"
  ]
}
