{
  "epoch": 32,
  "settledAt": "2026-06-13T04:09:51.010Z",
  "epochHours": 1.5439327777777778,
  "market": {
    "timestamp": 1781323597066,
    "fxUsdPrice": {
      "EURm": 1.154077575,
      "BRLm": 0.19640675675
    },
    "fxRoundTripCostBps": {
      "EURm": null,
      "BRLm": null
    },
    "fxMomentumBps": {
      "EURm": 0,
      "BRLm": 0
    },
    "stableRoundTripCostBps": {
      "USDC": 4.002050854930994,
      "USDT": 4.0043808818324145
    },
    "stableEntryEdgeBps": {
      "USDC": 0.2300000000010627,
      "USDT": 3.2199999999993345
    },
    "stableExitEdgeBps": {
      "USDC": -4.231953520000831,
      "USDT": -7.222055379999537
    },
    "aaveApyPct": {
      "USDC": 2.594307187851687,
      "USDT": 0.7589462934077819,
      "USDm": 2.473883058991715
    }
  },
  "agents": [
    {
      "slug": "ay-balanced",
      "erc8004AgentId": "9245",
      "strategy": "AaveYielder",
      "generation": 1,
      "vStartUsd": 4.99254045621346,
      "vEndUsd": 4.99256045621346,
      "gasUsd": 0,
      "netFlowUsd": 0,
      "epochHours": 1.5439327777777778,
      "fitness": 0.02272919850982512,
      "score": 49,
      "culled": false,
      "reputationTx": "0x55f30c4636fe5ff18e6170139469764f08a577f04bdd5c8c380e20d176ff89d6"
    },
    {
      "slug": "ay-balanced-g2-i13",
      "erc8004AgentId": "9260",
      "strategy": "AaveYielder",
      "generation": 2,
      "vStartUsd": 4.987765488625392,
      "vEndUsd": 4.987786488625392,
      "gasUsd": 0,
      "netFlowUsd": 0,
      "epochHours": 1.5439327777777778,
      "fitness": 0.02388850588916653,
      "score": 50,
      "culled": false,
      "reputationTx": "0xb922d55568642bd4850c4a840b90e9da5547a98274632507655f59e0fc74c694"
    },
    {
      "slug": "ay-balanced-g3-i30",
      "erc8004AgentId": "9280",
      "strategy": "AaveYielder",
      "generation": 3,
      "vStartUsd": 3.99336212122415,
      "vEndUsd": 3.9933781212241497,
      "gasUsd": 0,
      "netFlowUsd": 0,
      "epochHours": 1.5439327777777778,
      "fitness": 0.022733013365619215,
      "score": 49,
      "culled": false,
      "reputationTx": "0x6612056db9e929d1f6636993592258e0b7efcdc0d908efcb83a691be7309803a"
    },
    {
      "slug": "ay-balanced-g4-i31",
      "erc8004AgentId": "9283",
      "strategy": "AaveYielder",
      "generation": 4,
      "vStartUsd": 3.9877163884335096,
      "vEndUsd": 3.9877333884335098,
      "gasUsd": 0,
      "netFlowUsd": 0,
      "epochHours": 1.5439327777777778,
      "fitness": 0.024188023228650612,
      "score": 50,
      "culled": false,
      "reputationTx": "0x8d8f1683bad09931ca80db3090119a0ef1df707bb7a43346f096b489f68045a0"
    },
    {
      "slug": "ay-balanced-g4-i46",
      "erc8004AgentId": "9298",
      "strategy": "AaveYielder",
      "generation": 4,
      "vStartUsd": 3.9875570498017874,
      "vEndUsd": 3.987574049801788,
      "gasUsd": 0,
      "netFlowUsd": 0,
      "epochHours": 1.5439327777777778,
      "fitness": 0.024188989757707877,
      "score": 50,
      "culled": false,
      "reputationTx": "0x55ef3bdf90c699914ab6be1feddd33167742a0e0addbda787a7bc0b00f5495aa"
    },
    {
      "slug": "ay-balanced-g4-i48",
      "erc8004AgentId": "9302",
      "strategy": "AaveYielder",
      "generation": 4,
      "vStartUsd": 3.9872131145894243,
      "vEndUsd": 3.9872301145894244,
      "gasUsd": 0,
      "netFlowUsd": 0,
      "epochHours": 1.5439327777777778,
      "fitness": 0.02419107628846613,
      "score": 50,
      "culled": false,
      "reputationTx": "0xcf1e51d4cc94db7e9e081030a604e4272cf390ff0c06bd567e5d150853a00cff"
    },
    {
      "slug": "ay-balanced-g4-i49",
      "erc8004AgentId": "9303",
      "strategy": "AaveYielder",
      "generation": 4,
      "vStartUsd": 3.9872426090874917,
      "vEndUsd": 3.9872596090874914,
      "gasUsd": 0,
      "netFlowUsd": 0,
      "epochHours": 1.5439327777777778,
      "fitness": 0.02419089734056544,
      "score": 50,
      "culled": false,
      "reputationTx": "0x3c747815b09fab84f7073ae4482da1496edd4be07c3c6325d09b7def7d88541e"
    },
    {
      "slug": "ay-balanced-g5-i55",
      "erc8004AgentId": "9310",
      "strategy": "AaveYielder",
      "generation": 5,
      "vStartUsd": 3.9870584253451353,
      "vEndUsd": 3.9870744253451353,
      "gasUsd": 0,
      "netFlowUsd": 0,
      "epochHours": 1.5439327777777778,
      "fitness": 0.022768955152259882,
      "score": 49,
      "culled": false,
      "reputationTx": "0x7f632ed92fc6dad51adc21ae5948260b479c648eb798278481a2ba42e1e2cd1a"
    },
    {
      "slug": "ay-balanced-g5-i59",
      "erc8004AgentId": "9315",
      "strategy": "AaveYielder",
      "generation": 5,
      "vStartUsd": 3.986894849704324,
      "vEndUsd": 3.986911849704324,
      "gasUsd": 0,
      "netFlowUsd": 0,
      "epochHours": 1.5439327777777778,
      "fitness": 0.0241930074064246,
      "score": 50,
      "culled": false,
      "reputationTx": "0x54d8769005621ce23287fdd6da5644500015a2fc88414b8522f3d2c95d33cc86"
    },
    {
      "slug": "ay-balanced-g6-i61",
      "erc8004AgentId": "9317",
      "strategy": "AaveYielder",
      "generation": 6,
      "vStartUsd": 3.9968881200976,
      "vEndUsd": 3.986977293150102,
      "gasUsd": 0.0087214657122,
      "netFlowUsd": 0,
      "epochHours": 1.5439327777777778,
      "fitness": -26.449655759640162,
      "score": 0,
      "culled": true,
      "reputationTx": "0x33c6802fe9e92aefc89fb3f781a1234913aaeb9f5aac17fb4c0f443adb4a1c8d"
    },
    {
      "slug": "ay-balanced-g6-i62",
      "erc8004AgentId": "9318",
      "strategy": "AaveYielder",
      "generation": 6,
      "vStartUsd": 3.7658061200976,
      "vEndUsd": 3.7558637261742422,
      "gasUsd": 0.00874570443120085,
      "netFlowUsd": 0,
      "epochHours": 1.5439327777777778,
      "fitness": -28.15677257210735,
      "score": 0,
      "culled": true,
      "reputationTx": "0xd84e011bfc2e99e727d1214ece434d2f4b56f66083725b38bda73f89af1700b3"
    }
  ],
  "swarmMedianFitness": 0.02388850588916653,
  "culled": [
    "ay-balanced-g6-i62",
    "ay-balanced-g6-i61"
  ],
  "spawned": [
    "ay-balanced-g6-i63"
  ]
}
