{
  "epoch": 11,
  "settledAt": "2026-06-11T18:14:14.119Z",
  "epochHours": 1.5155866666666666,
  "market": {
    "timestamp": 1781201538716,
    "fxUsdPrice": {
      "EURm": 1.1518980375,
      "BRLm": 0.194067047
    },
    "fxRoundTripCostBps": {
      "EURm": 49.93750000000019,
      "BRLm": 59.909999999999684
    },
    "fxMomentumBps": {
      "EURm": 32.31789690417194,
      "BRLm": 46.716864379257665
    },
    "stableRoundTripCostBps": {
      "USDC": 4.0000152069419315,
      "USDT": 4.0095483183377745
    },
    "stableEntryEdgeBps": {
      "USDC": 1.2699999999998823,
      "USDT": 9.559999999999569
    },
    "stableExitEdgeBps": {
      "USDC": -5.2693459999997305,
      "USDT": -13.5565882199995
    },
    "aaveApyPct": {
      "USDC": 2.594753270406643,
      "USDT": 0.8066302787084499,
      "USDm": 2.4724466216706342
    }
  },
  "agents": [
    {
      "slug": "mfx-cautious",
      "erc8004AgentId": "9241",
      "strategy": "MentoFXRotator",
      "generation": 1,
      "vStartUsd": 4.999999789098257,
      "vEndUsd": 4.999999789098257,
      "gasUsd": 0,
      "netFlowUsd": 0,
      "epochHours": 1.5155866666666666,
      "fitness": 0,
      "score": 50,
      "culled": false,
      "reputationTx": "0x279ba8cdac82ba980d7ee77102e4acfa0fb87c1caf23b95e6a69f639970f2f18"
    },
    {
      "slug": "mfx-balanced",
      "erc8004AgentId": "9242",
      "strategy": "MentoFXRotator",
      "generation": 1,
      "vStartUsd": 4.999999789098257,
      "vEndUsd": 4.999999789098257,
      "gasUsd": 0,
      "netFlowUsd": 0,
      "epochHours": 1.5155866666666666,
      "fitness": 0,
      "score": 50,
      "culled": false,
      "reputationTx": "0x1a1a21221678dc719dbc57ae98e6463cce98ccf79148cf5ea3326588233c3bdb"
    },
    {
      "slug": "ay-balanced",
      "erc8004AgentId": "9245",
      "strategy": "AaveYielder",
      "generation": 1,
      "vStartUsd": 4.99208845621346,
      "vEndUsd": 4.99210845621346,
      "gasUsd": 0,
      "netFlowUsd": 0,
      "epochHours": 1.5155866666666666,
      "fitness": 0.02315640058016235,
      "score": 62,
      "culled": false,
      "reputationTx": "0xf3764d8d91eb3d42f6b8e8119655a08ecf558582dce588c66270567315de56f2"
    },
    {
      "slug": "ay-chaser",
      "erc8004AgentId": "9246",
      "strategy": "AaveYielder",
      "generation": 1,
      "vStartUsd": 5.182090003074001,
      "vEndUsd": 5.178112003074001,
      "gasUsd": 0,
      "netFlowUsd": 0,
      "epochHours": 1.5155866666666666,
      "fitness": -4.436935929569122,
      "score": 0,
      "culled": false,
      "reputationTx": "0x2fbe4806d03b5e6b6ca8b082b1d7356efc997b8fa9a91335eac505c110f9539c"
    },
    {
      "slug": "mfx-cautious-g2-i10",
      "erc8004AgentId": "9256",
      "strategy": "MentoFXRotator",
      "generation": 2,
      "vStartUsd": 4.99999961934825,
      "vEndUsd": 4.99999961934825,
      "gasUsd": 0,
      "netFlowUsd": 0,
      "epochHours": 1.5155866666666666,
      "fitness": 0,
      "score": 50,
      "culled": false,
      "reputationTx": "0x485264ba50b1254117cdd9305a4c4797e373544b7564ce63d945aea7280214c1"
    },
    {
      "slug": "mfx-cautious-g2-i11",
      "erc8004AgentId": "9257",
      "strategy": "MentoFXRotator",
      "generation": 2,
      "vStartUsd": 4.99999975955925,
      "vEndUsd": 4.99999975955925,
      "gasUsd": 0,
      "netFlowUsd": 0,
      "epochHours": 1.5155866666666666,
      "fitness": 0,
      "score": 50,
      "culled": false,
      "reputationTx": "0x2b36ea14212779d18d41e1a4fdb5d22eaa3318fe81f2cef33a43e14fd75fdbde"
    },
    {
      "slug": "ay-balanced-g2-i13",
      "erc8004AgentId": "9260",
      "strategy": "AaveYielder",
      "generation": 2,
      "vStartUsd": 4.987318488625393,
      "vEndUsd": 4.987339488625392,
      "gasUsd": 0,
      "netFlowUsd": 0,
      "epochHours": 1.5155866666666666,
      "fitness": 0.02433747519760737,
      "score": 62,
      "culled": false,
      "reputationTx": "0x6d19713b327587b265cb25a90e755a9b785dcb5258e405522b5bffe059b72866"
    },
    {
      "slug": "mfx-cautious-g2-i14",
      "erc8004AgentId": "9262",
      "strategy": "MentoFXRotator",
      "generation": 2,
      "vStartUsd": 4.996942346882545,
      "vEndUsd": 4.996942346882545,
      "gasUsd": 0,
      "netFlowUsd": 0,
      "epochHours": 1.5155866666666666,
      "fitness": 0,
      "score": 50,
      "culled": false,
      "reputationTx": "0x8fea1edca65970d6e64765b58ade4412ea1da454465da288aca3b4a7cdfe3976"
    },
    {
      "slug": "ay-chaser-g2-i22",
      "erc8004AgentId": "9272",
      "strategy": "AaveYielder",
      "generation": 2,
      "vStartUsd": 4.333347285279607,
      "vEndUsd": 4.326720478067994,
      "gasUsd": 0.0026448072116121,
      "netFlowUsd": 0,
      "epochHours": 1.5155866666666666,
      "fitness": -12.366739047857674,
      "score": 0,
      "culled": true,
      "reputationTx": "0x9948c63ad26ec98fde54d72b8566d42de277189634a37422b601afd7c8af80de"
    },
    {
      "slug": "ay-balanced-g3-i24",
      "erc8004AgentId": "9276",
      "strategy": "AaveYielder",
      "generation": 3,
      "vStartUsd": 3.5779159749946845,
      "vEndUsd": 3.5684005518166977,
      "gasUsd": 0.00860375020999905,
      "netFlowUsd": 0,
      "epochHours": 1.5155866666666666,
      "fitness": -29.270596566937776,
      "score": 0,
      "culled": true,
      "reputationTx": "0xd5d11a1037f347dbce992bd06dbee494a9e3a55d292850b2bb098a68be4c1f42"
    }
  ],
  "swarmMedianFitness": 0,
  "culled": [
    "ay-balanced-g3-i24",
    "ay-chaser-g2-i22"
  ],
  "spawned": [
    "ay-balanced-g3-i25"
  ]
}
