{
  "epoch": 27,
  "settledAt": "2026-06-12T20:03:47.085Z",
  "epochHours": 1.5205669444444445,
  "market": {
    "timestamp": 1781294432512,
    "fxUsdPrice": {
      "EURm": 1.15404765,
      "BRLm": 0.196294345
    },
    "fxRoundTripCostBps": {
      "EURm": 49.93750000000019,
      "BRLm": 59.909999999999684
    },
    "fxMomentumBps": {
      "EURm": -4.751660921476377,
      "BRLm": -7.308568789365158
    },
    "stableRoundTripCostBps": {
      "USDC": 4.00162735024856,
      "USDT": 4.00629255272178
    },
    "stableEntryEdgeBps": {
      "USDC": 0.8099999999999774,
      "USDT": 3.349999999999742
    },
    "stableExitEdgeBps": {
      "USDC": -4.811237640000021,
      "USDT": -7.353829020000369
    },
    "aaveApyPct": {
      "USDC": 2.5944825192779404,
      "USDT": 0.7651902333311094,
      "USDm": 2.473883058991715
    }
  },
  "agents": [
    {
      "slug": "ay-balanced",
      "erc8004AgentId": "9245",
      "strategy": "AaveYielder",
      "generation": 1,
      "vStartUsd": 4.99243245621346,
      "vEndUsd": 4.99245245621346,
      "gasUsd": 0,
      "netFlowUsd": 0,
      "epochHours": 1.5205669444444445,
      "fitness": 0.023078966607690578,
      "score": 50,
      "culled": false,
      "reputationTx": "0x91d3aa509203968dd99e8396301e1874f3c5233bc780552c9096cb611c910f93"
    },
    {
      "slug": "mfx-cautious-g2-i11",
      "erc8004AgentId": "9257",
      "strategy": "MentoFXRotator",
      "generation": 2,
      "vStartUsd": 4.99999975955925,
      "vEndUsd": 4.99999975955925,
      "gasUsd": 0,
      "netFlowUsd": 0,
      "epochHours": 1.5205669444444445,
      "fitness": 0,
      "score": 38,
      "culled": false,
      "reputationTx": "0x4109e280b435df1830b7602ee827106f755e2effb54d2626dde3666a896454da"
    },
    {
      "slug": "ay-balanced-g2-i13",
      "erc8004AgentId": "9260",
      "strategy": "AaveYielder",
      "generation": 2,
      "vStartUsd": 4.987659488625392,
      "vEndUsd": 4.987679488625393,
      "gasUsd": 0,
      "netFlowUsd": 0,
      "epochHours": 1.5205669444444445,
      "fitness": 0.02310105214836062,
      "score": 50,
      "culled": false,
      "reputationTx": "0x6444855fd18f2e8f600d53e35d0a51ba8b8fa92f4a7321fb49a959f7b12af3aa"
    },
    {
      "slug": "mfx-cautious-g2-i14",
      "erc8004AgentId": "9262",
      "strategy": "MentoFXRotator",
      "generation": 2,
      "vStartUsd": 4.996942346882545,
      "vEndUsd": 4.996942346882545,
      "gasUsd": 0,
      "netFlowUsd": 0,
      "epochHours": 1.5205669444444445,
      "fitness": 0,
      "score": 38,
      "culled": false,
      "reputationTx": "0x582449b58568a01b0b114e1877bc15452ef3d0e004de8be4898cc8d1bdc4ca10"
    },
    {
      "slug": "ay-balanced-g3-i30",
      "erc8004AgentId": "9280",
      "strategy": "AaveYielder",
      "generation": 3,
      "vStartUsd": 3.9926138490761454,
      "vEndUsd": 3.9926298490761454,
      "gasUsd": 0,
      "netFlowUsd": 0,
      "epochHours": 1.5205669444444445,
      "fitness": 0.023086666790023767,
      "score": 50,
      "culled": false,
      "reputationTx": "0x92b34748ac70f2c853bc585d53a2c025fa0cc97e3665441cdf99ebdc6b586a7b"
    },
    {
      "slug": "ay-balanced-g4-i31",
      "erc8004AgentId": "9283",
      "strategy": "AaveYielder",
      "generation": 4,
      "vStartUsd": 3.9876313884335097,
      "vEndUsd": 3.9876473884335097,
      "gasUsd": 0,
      "netFlowUsd": 0,
      "epochHours": 1.5205669444444445,
      "fitness": 0.023115513089567104,
      "score": 50,
      "culled": false,
      "reputationTx": "0x7490389b8c9b59f609ae98406de64c41c93f0e561b61b6df8381d993bbb40675"
    },
    {
      "slug": "ay-balanced-g4-i46",
      "erc8004AgentId": "9298",
      "strategy": "AaveYielder",
      "generation": 4,
      "vStartUsd": 3.987471049801788,
      "vEndUsd": 3.9874870498017874,
      "gasUsd": 0,
      "netFlowUsd": 0,
      "epochHours": 1.5205669444444445,
      "fitness": 0.023116442577472914,
      "score": 50,
      "culled": false,
      "reputationTx": "0x4542b14ac53eca2160337cad9ed72a45949551e842c698df17b70f4b00832b6b"
    },
    {
      "slug": "ay-balanced-g4-i48",
      "erc8004AgentId": "9302",
      "strategy": "AaveYielder",
      "generation": 4,
      "vStartUsd": 3.9871271145894243,
      "vEndUsd": 3.9871441145894244,
      "gasUsd": 0,
      "netFlowUsd": 0,
      "epochHours": 1.5205669444444445,
      "fitness": 0.024563338925996228,
      "score": 51,
      "culled": false,
      "reputationTx": "0x120c3554727f039eacca96371848a256656ebb705b2c1543d589728a39d55044"
    },
    {
      "slug": "ay-balanced-g4-i49",
      "erc8004AgentId": "9303",
      "strategy": "AaveYielder",
      "generation": 4,
      "vStartUsd": 3.9903071763120326,
      "vEndUsd": 3.9871726090874917,
      "gasUsd": 0.003150567224541,
      "netFlowUsd": 0,
      "epochHours": 1.5205669444444445,
      "fitness": -9.074167761788113,
      "score": 0,
      "culled": false,
      "reputationTx": "0xf30439355dfd9df14a833c28fe0daad89afc2624b185ccb0d55cdcfe2f471bae"
    },
    {
      "slug": "ay-balanced-g5-i51",
      "erc8004AgentId": "9305",
      "strategy": "AaveYielder",
      "generation": 5,
      "vStartUsd": 3.9969268581273774,
      "vEndUsd": 3.9873907269623245,
      "gasUsd": 0.0086327666999541,
      "netFlowUsd": 0,
      "epochHours": 1.5205669444444445,
      "fitness": -26.187916267570145,
      "score": 0,
      "culled": true,
      "reputationTx": "0x4cb3f13d7b277139e9030dd1ff4affa694a505aff7b5d30d3abac4c098c3e342"
    },
    {
      "slug": "ay-balanced-g5-i52",
      "erc8004AgentId": "9306",
      "strategy": "AaveYielder",
      "generation": 5,
      "vStartUsd": 3.9969268581273774,
      "vEndUsd": 3.987391872473116,
      "gasUsd": 0.0086329137566529,
      "netFlowUsd": 0,
      "epochHours": 1.5205669444444445,
      "fitness": -26.18647713612855,
      "score": 0,
      "culled": true,
      "reputationTx": "0xf919becde3833fc4c60ce31d61f3082dd0849d8324d7bc0a30cca08b0c11ecf1"
    }
  ],
  "swarmMedianFitness": 0.023078966607690578,
  "culled": [
    "ay-balanced-g5-i51",
    "ay-balanced-g5-i52"
  ],
  "spawned": [
    "ay-balanced-g4-i53"
  ]
}
