{
  "epoch": 22,
  "settledAt": "2026-06-12T11:57:28.299Z",
  "epochHours": 1.5208177777777778,
  "market": {
    "timestamp": 1781265118271,
    "fxUsdPrice": {
      "EURm": 1.154795775,
      "BRLm": 0.19545187003
    },
    "fxRoundTripCostBps": {
      "EURm": 49.93750000000019,
      "BRLm": 59.909999999999684
    },
    "fxMomentumBps": {
      "EURm": -4.705435425454098,
      "BRLm": 0.4509487395247333
    },
    "stableRoundTripCostBps": {
      "USDC": 3.9998999400003843,
      "USDT": 4.005393147539227
    },
    "stableEntryEdgeBps": {
      "USDC": 0.9999999999998899,
      "USDT": 10.269999999998891
    },
    "stableExitEdgeBps": {
      "USDC": -4.999399999999765,
      "USDT": -14.260747359999826
    },
    "aaveApyPct": {
      "USDC": 2.5947693403617893,
      "USDT": 0.7819243935798121,
      "USDm": 2.472573204255289
    }
  },
  "agents": [
    {
      "slug": "ay-balanced",
      "erc8004AgentId": "9245",
      "strategy": "AaveYielder",
      "generation": 1,
      "vStartUsd": 4.99232345621346,
      "vEndUsd": 4.99234445621346,
      "gasUsd": 0,
      "netFlowUsd": 0,
      "epochHours": 1.5208177777777778,
      "fitness": 0.024229447128563286,
      "score": 62,
      "culled": false,
      "reputationTx": "0x463398c3d054cebd6734692d67b51f004b9e5646dfb4abc51764bf782b7bad56"
    },
    {
      "slug": "mfx-cautious-g2-i10",
      "erc8004AgentId": "9256",
      "strategy": "MentoFXRotator",
      "generation": 2,
      "vStartUsd": 4.99999961934825,
      "vEndUsd": 4.99999961934825,
      "gasUsd": 0,
      "netFlowUsd": 0,
      "epochHours": 1.5208177777777778,
      "fitness": 0,
      "score": 50,
      "culled": false,
      "reputationTx": "0xbbaf3d8c57ca3c90cdeb39a1a93aea00facb8de9c2615113c0281a3496f0f0de"
    },
    {
      "slug": "mfx-cautious-g2-i11",
      "erc8004AgentId": "9257",
      "strategy": "MentoFXRotator",
      "generation": 2,
      "vStartUsd": 4.99999975955925,
      "vEndUsd": 4.99999975955925,
      "gasUsd": 0,
      "netFlowUsd": 0,
      "epochHours": 1.5208177777777778,
      "fitness": 0,
      "score": 50,
      "culled": false,
      "reputationTx": "0x8126fb8524a36f14bc3a47ac123b9d707d2630eca7dfc5253f03e2dbd8fd02ed"
    },
    {
      "slug": "ay-balanced-g2-i13",
      "erc8004AgentId": "9260",
      "strategy": "AaveYielder",
      "generation": 2,
      "vStartUsd": 4.987551488625392,
      "vEndUsd": 4.987571488625393,
      "gasUsd": 0,
      "netFlowUsd": 0,
      "epochHours": 1.5208177777777778,
      "fitness": 0.023097742164532767,
      "score": 62,
      "culled": false,
      "reputationTx": "0xc30d4144e703af4b934bb5a3196e1c76c95a15eeb48bbe5d5e145f3eac7a9232"
    },
    {
      "slug": "mfx-cautious-g2-i14",
      "erc8004AgentId": "9262",
      "strategy": "MentoFXRotator",
      "generation": 2,
      "vStartUsd": 4.996942346882545,
      "vEndUsd": 4.996942346882545,
      "gasUsd": 0,
      "netFlowUsd": 0,
      "epochHours": 1.5208177777777778,
      "fitness": 0,
      "score": 50,
      "culled": false,
      "reputationTx": "0xefa4d39a6f8a0829a2c92f18b1865bb739fa41b6c473228b13504cbc8fbf4073"
    },
    {
      "slug": "ay-balanced-g3-i30",
      "erc8004AgentId": "9280",
      "strategy": "AaveYielder",
      "generation": 3,
      "vStartUsd": 0.26061472173743677,
      "vEndUsd": 0.26188134371203436,
      "gasUsd": 0,
      "netFlowUsd": 0,
      "epochHours": 1.5208177777777778,
      "fitness": 27.99464722839428,
      "score": 100,
      "culled": false,
      "reputationTx": "0x1656905e87cc91acfbcd924aa74164ec71049f6ef82f647783c142f5d16db49e"
    },
    {
      "slug": "ay-balanced-g4-i31",
      "erc8004AgentId": "9283",
      "strategy": "AaveYielder",
      "generation": 4,
      "vStartUsd": 3.9875453884335097,
      "vEndUsd": 3.98756238843351,
      "gasUsd": 0,
      "netFlowUsd": 0,
      "epochHours": 1.5208177777777778,
      "fitness": 0.02455671146799027,
      "score": 62,
      "culled": false,
      "reputationTx": "0x48d9df43677dc93f283dbaeddba50089ffa37df60c759586a9f5c2c986e4b02d"
    },
    {
      "slug": "ay-balanced-g4-i39",
      "erc8004AgentId": "9291",
      "strategy": "AaveYielder",
      "generation": 4,
      "vStartUsd": 3.685150510130422,
      "vEndUsd": 3.681166510130422,
      "gasUsd": 0,
      "netFlowUsd": 0,
      "epochHours": 1.5208177777777778,
      "fitness": -6.227174346597139,
      "score": 0,
      "culled": false,
      "reputationTx": "0x0a7da2319034576e265d5d8cad7e656698a4796d6d148991b143c04611e1450b"
    },
    {
      "slug": "ay-balanced-g4-i42",
      "erc8004AgentId": "9294",
      "strategy": "AaveYielder",
      "generation": 4,
      "vStartUsd": 3.996888945802026,
      "vEndUsd": 3.987374392094625,
      "gasUsd": 0.0087196082809662,
      "netFlowUsd": 0,
      "epochHours": 1.5208177777777778,
      "fitness": -26.277899825362333,
      "score": 0,
      "culled": true,
      "reputationTx": "0x7a32fdf57d65a276cc41ea815a49ece3739755961e2d53b85250fe0caddc4279"
    },
    {
      "slug": "ay-balanced-g5-i43",
      "erc8004AgentId": "9295",
      "strategy": "AaveYielder",
      "generation": 5,
      "vStartUsd": 4.222522945802026,
      "vEndUsd": 4.209203114838146,
      "gasUsd": 0.0085067725344696,
      "netFlowUsd": 0,
      "epochHours": 1.5208177777777778,
      "fitness": -29.77426616579495,
      "score": 0,
      "culled": true,
      "reputationTx": "0x565163f29c380feded535f3efb84c8a0239818789c426ba0799bb5e18d05e5ae"
    }
  ],
  "swarmMedianFitness": 0,
  "culled": [
    "ay-balanced-g5-i43",
    "ay-balanced-g4-i42"
  ],
  "spawned": [
    "ay-balanced-g5-i44",
    "ay-balanced-g4-i45",
    "ay-balanced-g4-i46"
  ]
}
