{
  "epoch": 7,
  "settledAt": "2026-06-11T11:46:49.943Z",
  "epochHours": 1.5117961111111111,
  "market": {
    "timestamp": 1781178107915,
    "fxUsdPrice": {
      "EURm": 1.150965375,
      "BRLm": 0.19226318487
    },
    "fxRoundTripCostBps": {
      "EURm": 49.93750000000019,
      "BRLm": 59.909999999999684
    },
    "fxMomentumBps": {
      "EURm": 7.111697007016882,
      "BRLm": -5.2259081900758435
    },
    "stableRoundTripCostBps": {
      "USDC": 3.9997889622001015,
      "USDT": 4.007333612967567
    },
    "stableEntryEdgeBps": {
      "USDC": 0.700000000000145,
      "USDT": 8.399999999999519
    },
    "stableExitEdgeBps": {
      "USDC": -4.699460000000544,
      "USDT": -12.396920199999606
    },
    "aaveApyPct": {
      "USDC": 2.5948346794194985,
      "USDT": 0.7952670884997045,
      "USDm": 2.4724466216706342
    }
  },
  "agents": [
    {
      "slug": "mfx-cautious",
      "erc8004AgentId": "9241",
      "strategy": "MentoFXRotator",
      "generation": 1,
      "vStartUsd": 4.999999789098257,
      "vEndUsd": 4.999999789098257,
      "gasUsd": 0,
      "netFlowUsd": 0,
      "fitness": 0,
      "score": 50,
      "culled": false,
      "reputationTx": "0x34c723d36ea105ffe1cdc4b66258c9a95f4cb3913f3acea1f8af4ad6034b3a9d"
    },
    {
      "slug": "mfx-balanced",
      "erc8004AgentId": "9242",
      "strategy": "MentoFXRotator",
      "generation": 1,
      "vStartUsd": 4.999999789098257,
      "vEndUsd": 4.999999789098257,
      "gasUsd": 0,
      "netFlowUsd": 0,
      "fitness": 0,
      "score": 50,
      "culled": false,
      "reputationTx": "0x12465486116f07755f743888dee549dafba84762ab2879c2ed769c74369c110f"
    },
    {
      "slug": "ay-balanced",
      "erc8004AgentId": "9245",
      "strategy": "AaveYielder",
      "generation": 1,
      "vStartUsd": 4.99200145621346,
      "vEndUsd": 4.99202245621346,
      "gasUsd": 0,
      "netFlowUsd": 0,
      "fitness": 0.02437560893130336,
      "score": 62,
      "culled": false,
      "reputationTx": "0xc98049f6fe0234cc2b8433975137e33afd2b231ae96ae0659c6d08bfb711a0ba"
    },
    {
      "slug": "ay-chaser",
      "erc8004AgentId": "9246",
      "strategy": "AaveYielder",
      "generation": 1,
      "vStartUsd": 5.189994003074001,
      "vEndUsd": 5.190017003074001,
      "gasUsd": 0,
      "netFlowUsd": 0,
      "fitness": 0.02567863074926053,
      "score": 63,
      "culled": false,
      "reputationTx": "0xcbe00ce90d20791d2cebee029e85b61d0a0bb348f5d8fef40f257088844e8bc6"
    },
    {
      "slug": "mfx-cautious-g2-i10",
      "erc8004AgentId": "9256",
      "strategy": "MentoFXRotator",
      "generation": 2,
      "vStartUsd": 4.99999961934825,
      "vEndUsd": 4.99999961934825,
      "gasUsd": 0,
      "netFlowUsd": 0,
      "fitness": 0,
      "score": 50,
      "culled": false,
      "reputationTx": "0xe5d1b14550269f69137e9247061e3624f2bae8aebbda74f6a115058ef55da036"
    },
    {
      "slug": "mfx-cautious-g2-i11",
      "erc8004AgentId": "9257",
      "strategy": "MentoFXRotator",
      "generation": 2,
      "vStartUsd": 4.99999975955925,
      "vEndUsd": 4.99999975955925,
      "gasUsd": 0,
      "netFlowUsd": 0,
      "fitness": 0,
      "score": 50,
      "culled": false,
      "reputationTx": "0x2289a4429088f7168a82501d9c46a89ee281f1441bfdf3fcbf0990868fb8d4ee"
    },
    {
      "slug": "ay-balanced-g2-i13",
      "erc8004AgentId": "9260",
      "strategy": "AaveYielder",
      "generation": 2,
      "vStartUsd": 4.987233488625392,
      "vEndUsd": 4.9872534886253925,
      "gasUsd": 0,
      "netFlowUsd": 0,
      "fitness": 0.023237059863001383,
      "score": 62,
      "culled": false,
      "reputationTx": "0x3d692d7ed96f510aa582462bfda7e30e81f8276490a074f2f35b48e97f46a344"
    },
    {
      "slug": "mfx-cautious-g2-i14",
      "erc8004AgentId": "9262",
      "strategy": "MentoFXRotator",
      "generation": 2,
      "vStartUsd": 4.996942346882545,
      "vEndUsd": 4.996942346882545,
      "gasUsd": 0,
      "netFlowUsd": 0,
      "fitness": 0,
      "score": 50,
      "culled": false,
      "reputationTx": "0x57a9cae941ba05e7c1e1e4f2fa36c908dec73597cca3e5bfce8e7d5dbb380bb6"
    },
    {
      "slug": "mca-tight",
      "erc8004AgentId": "9264",
      "strategy": "MentoCarryArb",
      "generation": 1,
      "vStartUsd": 3.9969701678326,
      "vEndUsd": 3.99579081728935,
      "gasUsd": 0,
      "netFlowUsd": 0,
      "fitness": -1.7097117127272958,
      "score": 0,
      "culled": true,
      "reputationTx": "0x13ef12ac936868000297cf378815e6b40a4643e027610a100c89d718e8120e41"
    },
    {
      "slug": "ay-balanced-g3-i16",
      "erc8004AgentId": "9265",
      "strategy": "AaveYielder",
      "generation": 3,
      "vStartUsd": 3.9969688624123,
      "vEndUsd": 3.9873278375761174,
      "gasUsd": 0.00852403878057375,
      "netFlowUsd": 0,
      "fitness": -26.334012689492234,
      "score": 0,
      "culled": true,
      "reputationTx": "0x8b173f1da8f08228fe9e8f987eea100f37ac0ab4f7584dbbe88b6960820366e8"
    }
  ],
  "swarmMedianFitness": 0,
  "culled": [
    "ay-balanced-g3-i16",
    "mca-tight"
  ],
  "spawned": [
    "ay-balanced-g3-i17",
    "ay-chaser-g2-i18"
  ]
}
