{
  "epoch": 6,
  "settledAt": "2026-06-11T10:10:29.103Z",
  "epochHours": 1.5011427777777777,
  "market": {
    "timestamp": 1781172329863,
    "fxUsdPrice": {
      "EURm": 1.1500825875,
      "BRLm": 0.19235592581
    },
    "fxRoundTripCostBps": {
      "EURm": 49.93750000000019,
      "BRLm": 59.909999999999684
    },
    "fxMomentumBps": {
      "EURm": -7.02043292669777,
      "BRLm": 1.8330801184060752
    },
    "stableRoundTripCostBps": {
      "USDC": 4.008957899245269,
      "USDT": 4.003371134622125
    },
    "stableEntryEdgeBps": {
      "USDC": 0.6100000000008876,
      "USDT": 9.429999999999161
    },
    "stableExitEdgeBps": {
      "USDC": -4.61867616000089,
      "USDT": -13.420715399998784
    },
    "aaveApyPct": {
      "USDC": 2.5949297863026826,
      "USDT": 0.7953288655205355,
      "USDm": 2.4724466216706342
    }
  },
  "agents": [
    {
      "slug": "mfx-cautious",
      "erc8004AgentId": "9241",
      "strategy": "MentoFXRotator",
      "generation": 1,
      "vStartUsd": 4.999999789098257,
      "vEndUsd": 4.999999789098257,
      "gasUsd": 0,
      "netFlowUsd": 0,
      "fitness": 0,
      "score": 50,
      "culled": false,
      "reputationTx": "0x3dd98a50d84df56ed9782280507ae8fda46d9a8f0be31fd9ee6ebe0281931b14"
    },
    {
      "slug": "mfx-balanced",
      "erc8004AgentId": "9242",
      "strategy": "MentoFXRotator",
      "generation": 1,
      "vStartUsd": 4.999999789098257,
      "vEndUsd": 4.999999789098257,
      "gasUsd": 0,
      "netFlowUsd": 0,
      "fitness": 0,
      "score": 50,
      "culled": false,
      "reputationTx": "0x9c02a3a6f54401c703ca7bf4610f33f58354201fc73d90a7a90bc5275ab3d2c5"
    },
    {
      "slug": "ay-balanced",
      "erc8004AgentId": "9245",
      "strategy": "AaveYielder",
      "generation": 1,
      "vStartUsd": 4.99198045621346,
      "vEndUsd": 4.99200045621346,
      "gasUsd": 0,
      "netFlowUsd": 0,
      "fitness": 0.02337971561972187,
      "score": 62,
      "culled": false,
      "reputationTx": "0xd28752876d8975fa791d01c9ae12e051e30717360f6004b535d74c25fb913c2f"
    },
    {
      "slug": "ay-chaser",
      "erc8004AgentId": "9246",
      "strategy": "AaveYielder",
      "generation": 1,
      "vStartUsd": 5.191971003074001,
      "vEndUsd": 5.189993003074001,
      "gasUsd": 0,
      "netFlowUsd": 0,
      "fitness": -2.2231877153919304,
      "score": 0,
      "culled": false,
      "reputationTx": "0x7141b4abb28f040a77e4e14d7940f8fe90eabde4b226384dc96a084efea0cc5d"
    },
    {
      "slug": "mfx-cautious-g2-i10",
      "erc8004AgentId": "9256",
      "strategy": "MentoFXRotator",
      "generation": 2,
      "vStartUsd": 4.99999961934825,
      "vEndUsd": 4.99999961934825,
      "gasUsd": 0,
      "netFlowUsd": 0,
      "fitness": 0,
      "score": 50,
      "culled": false,
      "reputationTx": "0x781d1d59f692571c4939cce64a4d72e3066e77b09b68e3d50361ec7e84168ee0"
    },
    {
      "slug": "mfx-cautious-g2-i11",
      "erc8004AgentId": "9257",
      "strategy": "MentoFXRotator",
      "generation": 2,
      "vStartUsd": 4.99999975955925,
      "vEndUsd": 4.99999975955925,
      "gasUsd": 0,
      "netFlowUsd": 0,
      "fitness": 0,
      "score": 50,
      "culled": false,
      "reputationTx": "0x75a1922ebdfa90959f018a1da096e9aac99d972967ae199f05d457785480830b"
    },
    {
      "slug": "mfx-aggressive-g2-i12",
      "erc8004AgentId": "9259",
      "strategy": "MentoFXRotator",
      "generation": 2,
      "vStartUsd": 5.19999961934825,
      "vEndUsd": 5.19799961934825,
      "gasUsd": 0,
      "netFlowUsd": 0,
      "fitness": -2.2444440767006895,
      "score": 0,
      "culled": true,
      "reputationTx": "0x0f3953c21f58effead9e8f277bff526afe31411609b3cd8398977b8c2c09f017"
    },
    {
      "slug": "ay-balanced-g2-i13",
      "erc8004AgentId": "9260",
      "strategy": "AaveYielder",
      "generation": 2,
      "vStartUsd": 4.987212488625392,
      "vEndUsd": 4.987232488625392,
      "gasUsd": 0,
      "netFlowUsd": 0,
      "fitness": 0.02340206753036029,
      "score": 62,
      "culled": false,
      "reputationTx": "0x1135db3b0b4afa245d14cedc4bb8e3c6eb8d112bab2cdb8d0ec5e2055baacbc7"
    },
    {
      "slug": "mfx-cautious-g2-i14",
      "erc8004AgentId": "9262",
      "strategy": "MentoFXRotator",
      "generation": 2,
      "vStartUsd": 4.996942346882545,
      "vEndUsd": 4.996942346882545,
      "gasUsd": 0,
      "netFlowUsd": 0,
      "fitness": 0,
      "score": 50,
      "culled": false,
      "reputationTx": "0x30e2963a37f54f70d6fb16b13849ea407211d87d43713ca9d684384c5a67f3a9"
    }
  ],
  "swarmMedianFitness": 0,
  "culled": [
    "mfx-aggressive-g2-i12"
  ],
  "spawned": [
    "mca-tight",
    "ay-balanced-g3-i16"
  ]
}
